model_key,model_name,accuracy,precision,recall,f1,roc_auc
logreg,Logistic Regression,0.8937550689375506,0.7205882352941176,0.5130890052356021,0.599388379204893,0.9137130568479865
random_forest,Random Forest,0.9010543390105434,0.75,0.5418848167539267,0.6291793313069909,0.9201834470561043
xgboost,XGBoost,0.9022708840227088,0.7238095238095238,0.5968586387434555,0.6542324246771879,0.9303180050446684
